﻿{
   "data" : [
      {
         "hot" : 0,
         "name" : "KTV房间",
         "new" : 0,
         "params" : {
            "b_decay_lowpass_limit" : 1,
            "decay_time" : 0.40000000596046448,
            "density" : 0.42870000004768372,
            "diffusion" : 1,
            "early_delay" : 0.0020000000949949026,
            "early_gain" : 0.15029999613761902,
            "echo_depth" : 0,
            "echo_time" : 0.25,
            "highpass_gain" : 1,
            "highpass_reference" : 250,
            "late_delay" : 0.0030000000260770321,
            "late_gain" : 1.0628999471664429,
            "lowpass_air_absorption_gain" : 0.99430000782012939,
            "lowpass_gain" : 0.59289997816085815,
            "lowpass_ratio" : 0.82999998331069946,
            "lowpass_reference" : 5000,
            "modulation_depth" : 0,
            "modulation_time" : 0.25,
            "reverbGain" : 0.31619998812675476
         },
         "sid" : 50
      },
      {
         "hot" : 0,
         "name" : "浴室",
         "new" : 0,
         "params" : {
            "b_decay_lowpass_limit" : 1,
            "decay_time" : 1.4900000095367432,
            "density" : 0.17149999737739563,
            "diffusion" : 1,
            "early_delay" : 0.0070000002160668373,
            "early_gain" : 0.65310001373291016,
            "echo_depth" : 0,
            "echo_time" : 0.25,
            "highpass_gain" : 1,
            "highpass_reference" : 250,
            "late_delay" : 0.010999999940395355,
            "late_gain" : 3.2734000682830811,
            "lowpass_air_absorption_gain" : 0.99430000782012939,
            "lowpass_gain" : 0.25119999051094055,
            "lowpass_ratio" : 0.54000002145767212,
            "lowpass_reference" : 5000,
            "modulation_depth" : 0,
            "modulation_time" : 0.25,
            "reverbGain" : 0.31619998812675476
         },
         "sid" : 51
      },
      {
         "hot" : 0,
         "name" : "起居室",
         "new" : 0,
         "params" : {
            "b_decay_lowpass_limit" : 1,
            "decay_time" : 0.5,
            "density" : 0.97659999132156372,
            "diffusion" : 1,
            "early_delay" : 0.0030000000260770321,
            "early_gain" : 0.20509999990463257,
            "echo_depth" : 0,
            "echo_time" : 0.25,
            "highpass_gain" : 1,
            "highpass_reference" : 250,
            "late_delay" : 0.0040000001899898052,
            "late_gain" : 0.28049999475479126,
            "lowpass_air_absorption_gain" : 0.99430000782012939,
            "lowpass_gain" : 0.0010000000474974513,
            "lowpass_ratio" : 0.10000000149011612,
            "lowpass_reference" : 5000,
            "modulation_depth" : 0,
            "modulation_time" : 0.25,
            "reverbGain" : 0.31619998812675476
         },
         "sid" : 52
      },
      {
         "hot" : 0,
         "name" : "音乐厅",
         "new" : 0,
         "params" : {
            "b_decay_lowpass_limit" : 1,
            "decay_time" : 1.4900000095367432,
            "density" : 1,
            "diffusion" : 1,
            "early_delay" : 0.0070000002160668373,
            "early_gain" : 0.05000000074505806,
            "echo_depth" : 0,
            "echo_time" : 0.25,
            "highpass_gain" : 1,
            "highpass_reference" : 250,
            "late_delay" : 0.010999999940395355,
            "late_gain" : 1.2589000463485718,
            "lowpass_air_absorption_gain" : 0.99430000782012939,
            "lowpass_gain" : 0.8913000226020813,
            "lowpass_ratio" : 0.82999998331069946,
            "lowpass_reference" : 5000,
            "modulation_depth" : 0,
            "modulation_time" : 0.25,
            "reverbGain" : 0.31619998812675476
         },
         "sid" : 53
      },
      {
         "hot" : 0,
         "name" : "小巷子",
         "new" : 0,
         "params" : {
            "b_decay_lowpass_limit" : 1,
            "decay_time" : 1.4900000095367432,
            "density" : 1,
            "diffusion" : 0.30000001192092896,
            "early_delay" : 0.0070000002160668373,
            "early_gain" : 0.25,
            "echo_depth" : 0.94999998807907104,
            "echo_time" : 0.125,
            "highpass_gain" : 1,
            "highpass_reference" : 250,
            "late_delay" : 0.010999999940395355,
            "late_gain" : 0.99540001153945923,
            "lowpass_air_absorption_gain" : 0.99430000782012939,
            "lowpass_gain" : 0.73280000686645508,
            "lowpass_ratio" : 0.86000001430511475,
            "lowpass_reference" : 5000,
            "modulation_depth" : 0,
            "modulation_time" : 0.25,
            "reverbGain" : 0.31619998812675476
         },
         "sid" : 54
      },
      {
         "hot" : 0,
         "name" : "停车场",
         "new" : 0,
         "params" : {
            "b_decay_lowpass_limit" : 0,
            "decay_time" : 1.6499999761581421,
            "density" : 1,
            "diffusion" : 1,
            "early_delay" : 0.0080000003799796104,
            "early_gain" : 0.20819999277591705,
            "echo_depth" : 0,
            "echo_time" : 0.25,
            "highpass_gain" : 1,
            "highpass_reference" : 250,
            "late_delay" : 0.012000000104308128,
            "late_gain" : 0.26519998908042908,
            "lowpass_air_absorption_gain" : 0.99430000782012939,
            "lowpass_gain" : 1,
            "lowpass_ratio" : 1.5,
            "lowpass_reference" : 5000,
            "modulation_depth" : 0,
            "modulation_time" : 0.25,
            "reverbGain" : 0.31619998812675476
         },
         "sid" : 55
      },
      {
         "hot" : 0,
         "name" : "厨房",
         "new" : 0,
         "params" : {
            "b_decay_lowpass_limit" : 1,
            "decay_time" : 0.79000002145767212,
            "density" : 0.17149999737739563,
            "diffusion" : 0.56000000238418579,
            "early_delay" : 0.0070000002160668373,
            "early_gain" : 1.4125000238418579,
            "echo_depth" : 0.31000000238418579,
            "echo_time" : 0.1809999942779541,
            "highpass_gain" : 0.8913000226020813,
            "highpass_reference" : 458.20001220703125,
            "late_delay" : 0.017999999225139618,
            "late_gain" : 1.7783000469207764,
            "lowpass_air_absorption_gain" : 0.99430000782012939,
            "lowpass_gain" : 0.70789998769760132,
            "lowpass_ratio" : 0.81000000238418579,
            "lowpass_reference" : 3316.10009765625,
            "modulation_depth" : 0,
            "modulation_time" : 0.25,
            "reverbGain" : 0.31619998812675476
         },
         "sid" : 56
      },
      {
         "hot" : 0,
         "name" : "健身房",
         "new" : 0,
         "params" : {
            "b_decay_lowpass_limit" : 1,
            "decay_time" : 3.1400001049041748,
            "density" : 1,
            "diffusion" : 0.81000000238418579,
            "early_delay" : 0.028999999165534973,
            "early_gain" : 0.39809998869895935,
            "echo_depth" : 0.14000000059604645,
            "echo_time" : 0.14599999785423279,
            "highpass_gain" : 0.8913000226020813,
            "highpass_reference" : 211.19999694824219,
            "late_delay" : 0.045000001788139343,
            "late_gain" : 0.56230002641677856,
            "lowpass_air_absorption_gain" : 0.99430000782012939,
            "lowpass_gain" : 0.44670000672340393,
            "lowpass_ratio" : 1.059999942779541,
            "lowpass_reference" : 7176.89990234375,
            "modulation_depth" : 0,
            "modulation_time" : 0.25,
            "reverbGain" : 0.31619998812675476
         },
         "sid" : 57
      },
      {
         "hot" : 0,
         "name" : "工作室",
         "new" : 0,
         "params" : {
            "b_decay_lowpass_limit" : 0,
            "decay_time" : 0.75999999046325684,
            "density" : 0.42870000004768372,
            "diffusion" : 1,
            "early_delay" : 0.012000000104308128,
            "early_gain" : 1,
            "echo_depth" : 0,
            "echo_time" : 0.25,
            "highpass_gain" : 0.39809998869895935,
            "highpass_reference" : 250,
            "late_delay" : 0.012000000104308128,
            "late_gain" : 1.121999979019165,
            "lowpass_air_absorption_gain" : 0.99430000782012939,
            "lowpass_gain" : 0.14129999279975891,
            "lowpass_ratio" : 1,
            "lowpass_reference" : 5000,
            "modulation_depth" : 0,
            "modulation_time" : 0.25,
            "reverbGain" : 0.31619998812675476
         },
         "sid" : 58
      },
      {
         "hot" : 0,
         "name" : "自习室",
         "new" : 0,
         "params" : {
            "b_decay_lowpass_limit" : 1,
            "decay_time" : 1.1200000047683716,
            "density" : 0.40220001339912415,
            "diffusion" : 0.87000000476837158,
            "early_delay" : 0.0099999997764825821,
            "early_gain" : 1.2589000463485718,
            "echo_depth" : 0.14000000059604645,
            "echo_time" : 0.094999998807907104,
            "highpass_gain" : 0.50120002031326294,
            "highpass_reference" : 211.19999694824219,
            "late_delay" : 0.010999999940395355,
            "late_gain" : 1.4125000238418579,
            "lowpass_air_absorption_gain" : 0.99430000782012939,
            "lowpass_gain" : 0.39809998869895935,
            "lowpass_ratio" : 0.56000000238418579,
            "lowpass_reference" : 7176.89990234375,
            "modulation_depth" : 0,
            "modulation_time" : 0.25,
            "reverbGain" : 0.31619998812675476
         },
         "sid" : 59
      },
      {
         "hot" : 0,
         "name" : "地铁",
         "new" : 0,
         "params" : {
            "b_decay_lowpass_limit" : 1,
            "decay_time" : 3.0099999904632568,
            "density" : 1,
            "diffusion" : 0.74000000953674316,
            "early_delay" : 0.046000000089406967,
            "early_gain" : 0.70789998769760132,
            "echo_depth" : 0.20999999344348907,
            "echo_time" : 0.125,
            "highpass_gain" : 0.8913000226020813,
            "highpass_reference" : 250,
            "late_delay" : 0.028000000864267349,
            "late_gain" : 1.2589000463485718,
            "lowpass_air_absorption_gain" : 0.99430000782012939,
            "lowpass_gain" : 0.70789998769760132,
            "lowpass_ratio" : 1.2300000190734863,
            "lowpass_reference" : 5000,
            "modulation_depth" : 0,
            "modulation_time" : 0.25,
            "reverbGain" : 0.31619998812675476
         },
         "sid" : 60
      },
      {
         "hot" : 0,
         "name" : "图书馆",
         "new" : 0,
         "params" : {
            "b_decay_lowpass_limit" : 0,
            "decay_time" : 2.7599999904632568,
            "density" : 1,
            "diffusion" : 0.81999999284744263,
            "early_delay" : 0.028999999165534973,
            "early_gain" : 0.35479998588562012,
            "echo_depth" : 0.17000000178813934,
            "echo_time" : 0.12999999523162842,
            "highpass_gain" : 0.089100003242492676,
            "highpass_reference" : 107.5,
            "late_delay" : 0.019999999552965164,
            "late_gain" : 0.8913000226020813,
            "lowpass_air_absorption_gain" : 0.99430000782012939,
            "lowpass_gain" : 0.28180000185966492,
            "lowpass_ratio" : 0.88999998569488525,
            "lowpass_reference" : 2854.39990234375,
            "modulation_depth" : 0,
            "modulation_time" : 0.25,
            "reverbGain" : 0.31619998812675476
         },
         "sid" : 61
      }
   ],
   "version" : 30000
}
